<manifest><control namespace="DR" constructor="IconOptionset" version="1.0.7" display-name-key="Icon Optionset" description-key="Display an optionset with Office UI Fabric icons (5 values max)" control-type="standard" preview-image="img/iconoptionset-preview.png" api-version="1.2.1"><property name="optionset" display-name-key="Primary Optionset" description-key="Select Optionset (5 values max)" of-type="OptionSet" usage="bound" required="true" /><property name="icon1" display-name-key="Icon #1" description-key="Icon #1, list here  https://developer.microsoft.com/en-us/fabric#/styles/web/icons#fabric-icons-tool" of-type="SingleLine.Text" usage="input" required="false" default-value="EmojiDisappointed" /><property name="icon2" display-name-key="Icon #2" description-key="Icon #2, list here  https://developer.microsoft.com/en-us/fabric#/styles/web/icons#fabric-icons-tool" of-type="SingleLine.Text" usage="input" required="false" default-value="Sad" /><property name="icon3" display-name-key="Icon #3" description-key="Icon #3, list here  https://developer.microsoft.com/en-us/fabric#/styles/web/icons#fabric-icons-tool" of-type="SingleLine.Text" usage="input" required="false" default-value="EmojiNeutral" /><property name="icon4" display-name-key="Icon #4" description-key="Icon #4, list here  https://developer.microsoft.com/en-us/fabric#/styles/web/icons#fabric-icons-tool" of-type="SingleLine.Text" usage="input" required="false" default-value="Emoji2" /><property name="icon5" display-name-key="Icon #5" description-key="Icon #5, list here  https://developer.microsoft.com/en-us/fabric#/styles/web/icons#fabric-icons-tool" of-type="SingleLine.Text" usage="input" required="false" default-value="Emoji" /><property name="selectedcolor" display-name-key="Selected icon color" description-key="Selected icon color" of-type="SingleLine.Text" usage="input" required="false" default-value="#005A9E" /><resources><code path="bundle.js" order="1" /></resources><built-by name="pac" version="1.0.6" /></control></manifest>